continent,country,region,city,coordinates,confidence_score,reasoning,error,url
North America,United States,California,Yosemite National Park (nearest significant area),"37.8916, -120.0105",98,"The road features (right-hand traffic, double solid yellow center lines, and solid white edge lines) are characteristic of the United States. The dominant vegetation, tall coniferous trees (pines, firs) in a dry, mountainous environment, strongly points to the Sierra Nevada mountain range in California. The specific density and maturity of the forest, combined with the general road appearance, are highly consistent with roads within Yosemite National Park, such as Hetch Hetchy Road or portions of Big Oak Flat Road (CA-120).",32.1536140363946,"https://www.google.com/maps/place/%D0%A1%D0%B0%D0%BA%D1%80%D0%B0%D0%BC%D0%B5%D0%BD%D1%82%D0%BE,+%D0%9A%D0%B0%D0%BB%D1%96%D1%84%D0%BE%D1%80%D0%BD%D1%96%D1%8F,+%D0%A1%D0%BF%D0%BE%D0%BB%D1%83%D1%87%D0%B5%D0%BD%D1%96+%D0%A8%D1%82%D0%B0%D1%82%D0%B8+%D0%90%D0%BC%D0%B5%D1%80%D0%B8%D0%BA%D0%B8/@37.8565057,-119.646881,3a,75y,221.77h,88.95t/data=!3m7!1e1!3m5!1szyggwErJeSPYLvIse_uuRg!2e0!6shttps:%2F%2Fstreetviewpixels-pa.googleapis.com%2Fv1%2Fthumbnail%3Fcb_client%3Dmaps_sv.tactile%26w%3D900%26h%3D600%26pitch%3D1.0454568987599373%26panoid%3DzyggwErJeSPYLvIse_uuRg%26yaw%3D221.77210658886042!7i13312!8i6656!4m6!3m5!1s0x809ac672b28397f9:0x921f6aaa74197fdb!8m2!3d38.5781342!4d-121.4944209!16zL20vMDdiY24?authuser=0&entry=ttu&g_ep=EgoyMDI1MDkwOC4wIKXMDSoASAFQAw%3D%3D"
South America,Chile,Los Lagos Region,Futaleufú (nearest town),"-43.208, -71.780",98,"The image clearly shows a gravel road, snow-dusted mountains under low-hanging clouds, and deciduous trees (likely poplars or willows) in autumn/early winter foliage (bare or yellowing), with green grass and hints of frost. This specific combination of features is highly characteristic of the Patagonian Andes. The absence of road markings, the presence of tall, slender trees often planted as windbreaks, and the rugged topography strongly suggest a rural area in this region. The older Google Street View camera artifact further supports coverage in remote Patagonian areas. After comparing the terrain and vegetation, the area around Futaleufú in Chile, particularly unpaved roads leading into valleys, provides a near-perfect match for the mountain profile and overall landscape.",342.99696225467807,"https://www.google.com/maps/place/Villa+Cerro+Castillo,+R%C3%ADo+Ib%C3%A1%C3%B1ez,+%D0%90%D0%B9%D1%81%D0%B5%D0%BD,+%D0%A7%D0%B8%D0%BB%D1%96/@-46.2903765,-71.9466525,3a,75y,65.49h,90.41t/data=!3m7!1e1!3m5!1sqLIK9RWCDofLkHvwYGvJAg!2e0!6shttps:%2F%2Fstreetviewpixels-pa.googleapis.com%2Fv1%2Fthumbnail%3Fcb_client%3Dmaps_sv.tactile%26w%3D900%26h%3D600%26pitch%3D-0.41068889906176764%26panoid%3DqLIK9RWCDofLkHvwYGvJAg%26yaw%3D65.49248678788685!7i13312!8i6656!4m6!3m5!1s0xbd92aeb44fd3653f:0x7a758cd8df1d213c!8m2!3d-46.1215926!4d-72.1623515!16s%2Fg%2F11c3w98_j9?authuser=0&entry=ttu&g_ep=EgoyMDI1MDkwOC4wIKXMDSoASAFQAw%3D%3D"
South America,Argentina,Chaco Province,Pampa del Indio (nearest major town),"-26.1517, -59.8130",75,"The analysis revealed several key clues pointing to Argentina, specifically the Chaco Province. The road features double solid yellow lines, common in Argentina, on a somewhat deteriorated asphalt surface flanked by reddish-brown dirt shoulders. The landscape is extremely flat, indicating a plain, and features extensive green agricultural fields (likely soy, corn, or cotton) and lush subtropical trees. The soil is distinctly reddish-brown. The sun's high position and short shadows, combined with the vegetation, suggest a warm, Southern Hemisphere climate. The utilitarian concrete building with multiple recessed openings is consistent with older agricultural or industrial structures found in rural South America. The overall 'feel' and older Google Street View image quality align with early coverage in rural Argentina, particularly the Gran Chaco region known for its flat topography, specific soil type, and agricultural production. While a specific landmark was not identifiable, the location chosen is representative of these combined environmental and infrastructural cues.",589.7160367381239,"https://www.google.com/maps/place/Rafaela,+%D0%A1%D0%B0%D0%BD%D1%82%D0%B0-%D0%A4%D0%B5,+%D0%90%D1%80%D0%B3%D0%B5%D0%BD%D1%82%D0%B8%D0%BD%D0%B0/@-31.3439539,-61.0459626,3a,75y,2.26h,85.01t/data=!3m7!1e1!3m5!1s8uzk3EJOzjLlTHWAjEeN7Q!2e0!6shttps:%2F%2Fstreetviewpixels-pa.googleapis.com%2Fv1%2Fthumbnail%3Fcb_client%3Dmaps_sv.tactile%26w%3D900%26h%3D600%26pitch%3D4.985850098260926%26panoid%3D8uzk3EJOzjLlTHWAjEeN7Q%26yaw%3D2.264967749767645!7i16384!8i8192!4m6!3m5!1s0x95caae460db27c0f:0x8be1b926d473c17b!8m2!3d-31.2525979!4d-61.4916422!16zL20vMDdfbTZz?authuser=0&entry=ttu&g_ep=EgoyMDI1MDkwOC4wIKXMDSoASAFQAw%3D%3D"
Asia,Vietnam,Yên Bái Province,Nghĩa Lộ (nearest major town),"21.605, 104.550",95,"The dense, tropical rainforest covering steep, rocky mountains strongly indicates a humid, mountainous region. The presence of wooden utility poles and a simple concrete bridge with blue metal railings are characteristic of rural infrastructure in many developing countries. The tire tracks and road layout suggest right-hand traffic. This combination of dense tropical jungle on exposed grey rock, coupled with the specific style of infrastructure and right-hand traffic, is highly consistent with mountainous regions of Vietnam, such as Yên Bái or Ha Giang provinces. The coordinates provided are an estimate for a representative location within Yên Bái province.",15061.76152235392,"https://www.google.com/maps/place/San+Juan+Bautista+Tuxtepec,+%D0%9E%D0%B0%D1%85%D0%B0%D0%BA%D0%B0,+%D0%9C%D0%B5%D0%BA%D1%81%D0%B8%D0%BA%D0%B0/@18.0052984,-96.2658993,3a,75y,11.74h,89.95t/data=!3m7!1e1!3m5!1skGLi5RbPPy1fI7YUrTxm-w!2e0!6shttps:%2F%2Fstreetviewpixels-pa.googleapis.com%2Fv1%2Fthumbnail%3Fcb_client%3Dmaps_sv.tactile%26w%3D900%26h%3D600%26pitch%3D0.04765347782571894%26panoid%3DkGLi5RbPPy1fI7YUrTxm-w%26yaw%3D11.739660935311846!7i16384!8i8192!4m6!3m5!1s0x85c3e697e38a7355:0xe5cebe583938fd15!8m2!3d18.0809028!4d-96.1420947!16s%2Fm%2F02q6t5v?authuser=0&entry=ttu&g_ep=EgoyMDI1MDkwOC4wIKXMDSoASAFQAw%3D%3D"
Asia,Indonesia,West Nusa Tenggara,"Mataram (Lombok Island, nearest major city)","-8.6500, 116.1000",97,"The image clearly shows left-hand traffic, indicated by the Google car's position on the road and the moped driving on the left. The prominent tropical vegetation, including numerous Areca palms and other dense foliage, combined with a warm, sunny climate, points strongly to Southeast Asia or South Asia. The prevalence of mopeds as a mode of transport and the style of the utility poles are highly characteristic of Indonesia. The hilly, semi-rural road with a single dashed white line further supports this. While exact pinpointing without signage is difficult, the environment is very typical of the rural and hilly areas found on Indonesian islands like Lombok or Bali.",2348.7469466866723,"https://www.google.com/maps/place/Malaysia/@5.9230154,100.7635812,3a,75y,47.94h,97.4t/data=!3m7!1e1!3m5!1sZC9n6Qx943vStkP19qva3w!2e0!6shttps:%2F%2Fstreetviewpixels-pa.googleapis.com%2Fv1%2Fthumbnail%3Fcb_client%3Dmaps_sv.tactile%26w%3D900%26h%3D600%26pitch%3D-7.402110423251671%26panoid%3DZC9n6Qx943vStkP19qva3w%26yaw%3D47.936654467955144!7i13312!8i6656!4m6!3m5!1s0x3034d3975f6730af:0x745969328211cd8!8m2!3d4.210484!4d101.975766!16zL20vMDlwbWt2?authuser=0&entry=ttu&g_ep=EgoyMDI1MDkwOC4wIKXMDSoASAFQAw%3D%3D"
South America,Colombia,Antioquia,Sonsón (nearest town),"5.6080, -75.2970",90,"The dense, lush vegetation including large tree ferns and tall, slender conifers with light bark (likely Podocarpus species) strongly suggests a humid, high-altitude tropical environment known as a cloud forest. The steep, eroded reddish-brown hillsides and unpaved road are characteristic of mountainous regions in the Andes. The overall climate (overcast, misty) further supports this. These clues, combined with Google Street View coverage in such terrain, point definitively to the tropical Andes. Colombia, particularly the departments like Antioquia, Caldas, or Quindío, are known for such landscapes and specific tree types, making it the most probable country. The coordinates are an estimate within a fitting cloud forest region near Sonsón, Antioquia.",11641.973819326127,"https://www.google.com/maps/place/Rwanda/@-2.5108613,29.2335954,2a,75y,227.17h,95.38t/data=!3m7!1e1!3m5!1sv0Wiwp8KuqmqZJyXv9_cyg!2e0!6shttps:%2F%2Fstreetviewpixels-pa.googleapis.com%2Fv1%2Fthumbnail%3Fcb_client%3Dmaps_sv.tactile%26w%3D900%26h%3D600%26pitch%3D-5.37986080384097%26panoid%3Dv0Wiwp8KuqmqZJyXv9_cyg%26yaw%3D227.1691522040434!7i16384!8i8192!4m6!3m5!1s0x19c29654e73840e3:0x7490b026cbcca103!8m2!3d-1.940278!4d29.873888!16zL20vMDZkZmc?authuser=0&entry=ttu&g_ep=EgoyMDI1MDkwOS4wIKXMDSoASAFQAw%3D%3D"
North America,Canada,Alberta,Smoky Lake County (rural area),"54.004, -112.485",97,"The key clues pointing to Canada are right-hand traffic with a double yellow center line and white shoulder lines, common throughout North America. The vegetation, a mix of coniferous (spruce/fir) and deciduous (aspen/poplar) trees, along with tall grasses and gently rolling topography, is highly characteristic of the Aspen Parkland biome found in central Canada. The presence of wooden utility poles further supports a North American location. The overall hazy conditions, long undulating road, and rural feel strongly indicate a provincial highway in central Alberta or Saskatchewan.",62.089310378294016,"https://www.google.com/maps/place/Edmonton,+AB,+Canada/@54.4855251,-112.001166,3a,75y,1.96h,94.42t/data=!3m8!1e1!3m6!1sadwJ45ga0_5EX2PJRq4GgQ!2e0!5s20180801T000000!6shttps:%2F%2Fstreetviewpixels-pa.googleapis.com%2Fv1%2Fthumbnail%3Fcb_client%3Dmaps_sv.tactile%26w%3D900%26h%3D600%26pitch%3D-4.424895080253606%26panoid%3DadwJ45ga0_5EX2PJRq4GgQ%26yaw%3D1.957433051325366!7i13312!8i6656!4m6!3m5!1s0x53a0224580deff23:0x411fa00c4af6155d!8m2!3d53.5460983!4d-113.4937266!16zL20vMG5saDc?authuser=0&entry=ttu&g_ep=EgoyMDI1MDkwOS4wIKXMDSoASAFQAw%3D%3D"
Asia,India,Maharashtra,Ahmednagar District (rural),"19.4623, 74.9654",98,"The location is identified as India primarily due to the driving side (implied by the car's position on the left side of the road), the specific combination of dry, reddish-brown soil, and the vegetation which includes bare deciduous trees alongside lush green evergreen trees, typical of India's dry season. The style of the wooden utility poles and the rural road quality are also consistent with infrastructure found across rural India, particularly in states like Maharashtra or Madhya Pradesh. The overall hazy sky and gently rolling topography further support this assessment.",,
North America,United States,Texas,Victoria,"28.868060, -97.000320",100,"The key clues were the combination of specific architectural styles: a two-story motel with distinctive red trim and exterior corridors (consistent with a Red Roof Inn) on the left, and a commercial building with an orange/tan facade, red awnings, and a drive-thru (consistent with a Taco Bell) on the right. The presence of Sabal palmetto palm trees, typical wooden utility poles, common American vehicle models, and a flat, warm-climate landscape strongly indicated the Southern United States. By searching for a Red Roof Inn adjacent to a Taco Bell with this specific visual style, I pinpointed the location to Victoria, Texas, specifically on an access road west of N Navarro St, looking north towards the Taco Bell at 7805 N Navarro St and the Red Roof Inn at 7708 N Navarro St.",328.02675867177135,"https://www.google.com/maps/place/Texas,+USA/@25.9426438,-97.4286369,3a,75y,127.89h,88.31t/data=!3m7!1e1!3m5!1sMNix82xMms6667SD7Umy-A!2e0!6shttps:%2F%2Fstreetviewpixels-pa.googleapis.com%2Fv1%2Fthumbnail%3Fcb_client%3Dmaps_sv.tactile%26w%3D900%26h%3D600%26pitch%3D1.6925075194775445%26panoid%3DMNix82xMms6667SD7Umy-A%26yaw%3D127.88855302256!7i16384!8i8192!4m6!3m5!1s0x864070360b823249:0x16eb1c8f1808de3c!8m2!3d31.9685988!4d-99.9018131!16zL20vMDdiX2w?authuser=0&entry=ttu&g_ep=EgoyMDI1MDkxMC4wIKXMDSoASAFQAw%3D%3D"
Asia,Thailand,Northeastern Thailand (Isaan),Surin Province (rural area),"14.7471, 103.5852",95,"The primary clues pointing to Thailand are the distinctive tall, slender Eucalyptus trees planted in rows, which are very common in the country's agricultural regions for timber and paper pulp. The red dirt road is typical of lateritic soils found in tropical areas like Southeast Asia. Additionally, the presence of green rice paddies in the background strongly indicates a rice-growing nation in this climatic zone. The overall landscape, combining these features with distant palm trees and flat topography, is highly characteristic of the rural Isaan region of Northeastern Thailand.",451.47248071587103,"https://www.google.com/maps/place/18%C2%B016'03.3%22N+103%C2%B033'07.9%22E/@16.1826885,99.644421,3a,75y,92.58h,90.59t/data=!3m8!1e1!3m6!1sAG269Qx8zQqTYH8Y3t2FAg!2e0!5s20140101T000000!6shttps:%2F%2Fstreetviewpixels-pa.googleapis.com%2Fv1%2Fthumbnail%3Fcb_client%3Dmaps_sv.tactile%26w%3D900%26h%3D600%26pitch%3D-0.5893589396279424%26panoid%3DAG269Qx8zQqTYH8Y3t2FAg%26yaw%3D92.57856661035034!7i13312!8i6656!4m4!3m3!8m2!3d18.26759!4d103.552192?authuser=0&entry=ttu&g_ep=EgoyMDI1MDkxMC4wIKXMDSoASAFQAw%3D%3D"
